EmployeeId,ThreadId,Id,AlbumId,Title,Url,ThumbnailUrl,Error
K0966231,0,1,1,accusamus beatae ad facilis cum similique qui sunt,https://via.placeholder.com/600/92c952,https://via.placeholder.com/150/92c952
K0966231,0,2,1,reprehenderit est deserunt velit ipsam,https://via.placeholder.com/600/771796,https://via.placeholder.com/150/771796
K0966231,0,3,1,officia porro iure quia iusto qui ipsa ut modi,https://via.placeholder.com/600/24f355,https://via.placeholder.com/150/24f355
K0966231,0,4,1,culpa odio esse rerum omnis laboriosam voluptate repudiandae,https://via.placeholder.com/600/d32776,https://via.placeholder.com/150/d32776
K0966231,0,5,1,natus nisi omnis corporis facere molestiae rerum in,https://via.placeholder.com/600/f66b97,https://via.placeholder.com/150/f66b97
K0966231,0,6,1,accusamus ea aliquid et amet sequi nemo,https://via.placeholder.com/600/56a8c2,https://via.placeholder.com/150/56a8c2
K0966231,0,7,1,officia delectus consequatur vero aut veniam explicabo molestias,https://via.placeholder.com/600/b0f7cc,https://via.placeholder.com/150/b0f7cc
K0966231,0,8,1,aut porro officiis laborum odit ea laudantium corporis,https://via.placeholder.com/600/54176f,https://via.placeholder.com/150/54176f
K0966231,0,9,1,qui eius qui autem sed,https://via.placeholder.com/600/51aa97,https://via.placeholder.com/150/51aa97
K0966231,0,10,1,beatae et provident et ut vel,https://via.placeholder.com/600/810b14,https://via.placeholder.com/150/810b14
K0966231,0,11,1,nihil at amet non hic quia qui,https://via.placeholder.com/600/1ee8a4,https://via.placeholder.com/150/1ee8a4
K0966231,0,12,1,mollitia soluta ut rerum eos aliquam consequatur perspiciatis maiores,https://via.placeholder.com/600/66b7d2,https://via.placeholder.com/150/66b7d2
K0966231,0,13,1,repudiandae iusto deleniti rerum,https://via.placeholder.com/600/197d29,https://via.placeholder.com/150/197d29
K0966231,0,14,1,est necessitatibus architecto ut laborum,https://via.placeholder.com/600/61a65,https://via.placeholder.com/150/61a65
K0966231,0,15,1,harum dicta similique quis dolore earum ex qui,https://via.placeholder.com/600/f9cee5,https://via.placeholder.com/150/f9cee5
K0966231,0,16,1,iusto sunt nobis quasi veritatis quas expedita voluptatum deserunt,https://via.placeholder.com/600/fdf73e,https://via.placeholder.com/150/fdf73e
K0966231,0,17,1,natus doloribus necessitatibus ipsa,https://via.placeholder.com/600/9c184f,https://via.placeholder.com/150/9c184f
K0966231,0,18,1,laboriosam odit nam necessitatibus et illum dolores reiciendis,https://via.placeholder.com/600/1fe46f,https://via.placeholder.com/150/1fe46f
K0966231,0,19,1,perferendis nesciunt eveniet et optio a,https://via.placeholder.com/600/56acb2,https://via.placeholder.com/150/56acb2
K0966231,0,20,1,assumenda voluptatem laboriosam enim consequatur veniam placeat reiciendis error,https://via.placeholder.com/600/8985dc,https://via.placeholder.com/150/8985dc
K0966231,0,21,1,ad et natus qui,https://via.placeholder.com/600/5e12c6,https://via.placeholder.com/150/5e12c6
K0966231,0,22,1,et ea illo et sit voluptas animi blanditiis porro,https://via.placeholder.com/600/45601a,https://via.placeholder.com/150/45601a
K0966231,0,23,1,harum velit vero totam,https://via.placeholder.com/600/e924e6,https://via.placeholder.com/150/e924e6
K0966231,0,24,1,beatae officiis ut aut,https://via.placeholder.com/600/8f209a,https://via.placeholder.com/150/8f209a
K0966231,0,25,1,facere non quis fuga fugit vitae,https://via.placeholder.com/600/5e3a73,https://via.placeholder.com/150/5e3a73
K0966231,0,26,1,asperiores nobis voluptate qui,https://via.placeholder.com/600/474645,https://via.placeholder.com/150/474645
K0966231,0,27,1,sit asperiores est quos quis nisi veniam error,https://via.placeholder.com/600/c984bf,https://via.placeholder.com/150/c984bf
K0966231,0,28,1,non neque eligendi molestiae repudiandae illum voluptatem qui aut,https://via.placeholder.com/600/392537,https://via.placeholder.com/150/392537
K0966231,0,29,1,aut ipsam quos ab placeat omnis,https://via.placeholder.com/600/602b9e,https://via.placeholder.com/150/602b9e
K0966231,0,30,1,odio enim voluptatem quidem aut nihil illum,https://via.placeholder.com/600/372c93,https://via.placeholder.com/150/372c93
K0966231,0,31,1,voluptate voluptates sequi,https://via.placeholder.com/600/a7c272,https://via.placeholder.com/150/a7c272
K0966231,0,32,1,ad enim dignissimos voluptatem similique,https://via.placeholder.com/600/c70a4d,https://via.placeholder.com/150/c70a4d
K0966231,0,33,1,culpa ipsam nobis qui fuga magni et mollitia,https://via.placeholder.com/600/501fe1,https://via.placeholder.com/150/501fe1
K0966231,0,34,1,vitae est facere quia itaque adipisci perferendis id maiores,https://via.placeholder.com/600/35185e,https://via.placeholder.com/150/35185e
K0966231,0,35,1,tenetur minus voluptatum et,https://via.placeholder.com/600/c96cad,https://via.placeholder.com/150/c96cad
K0966231,0,36,1,expedita rerum eaque,https://via.placeholder.com/600/4d564d,https://via.placeholder.com/150/4d564d
K0966231,0,37,1,totam voluptas iusto deserunt dolores,https://via.placeholder.com/600/ea51da,https://via.placeholder.com/150/ea51da
K0966231,0,38,1,natus magnam iure rerum pariatur molestias dolore nisi,https://via.placeholder.com/600/4f5b8d,https://via.placeholder.com/150/4f5b8d
K0966231,0,39,1,molestiae nam ullam et rerum doloribus,https://via.placeholder.com/600/1e71a2,https://via.placeholder.com/150/1e71a2
K0966231,0,40,1,est quas voluptates dignissimos sint praesentium nisi recusandae,https://via.placeholder.com/600/3a0b95,https://via.placeholder.com/150/3a0b95
K0966231,0,41,1,in voluptatem doloremque cum atque architecto deleniti,https://via.placeholder.com/600/659403,https://via.placeholder.com/150/659403
K0966231,0,42,1,voluptatibus a autem molestias voluptas architecto culpa,https://via.placeholder.com/600/ca50ac,https://via.placeholder.com/150/ca50ac
K0966231,0,43,1,eius hic autem ad beatae voluptas,https://via.placeholder.com/600/6ad437,https://via.placeholder.com/150/6ad437
K0966231,0,44,1,neque eum provident et inventore sed ipsam dignissimos quo,https://via.placeholder.com/600/29fe9f,https://via.placeholder.com/150/29fe9f
K0966231,0,45,1,praesentium fugit quis aut voluptatum commodi dolore corrupti,https://via.placeholder.com/600/c4084a,https://via.placeholder.com/150/c4084a
K0966231,0,46,1,quidem maiores in quia fugit dolore explicabo occaecati,https://via.placeholder.com/600/e9b68,https://via.placeholder.com/150/e9b68
K0966231,0,47,1,et soluta est,https://via.placeholder.com/600/b4412f,https://via.placeholder.com/150/b4412f
K0966231,0,48,1,ut esse id,https://via.placeholder.com/600/68e0a8,https://via.placeholder.com/150/68e0a8
K0966231,0,49,1,quasi quae est modi quis quam in impedit,https://via.placeholder.com/600/2cd88b,https://via.placeholder.com/150/2cd88b
K0966231,0,50,1,et inventore quae ut tempore eius voluptatum,https://via.placeholder.com/600/9e59da,https://via.placeholder.com/150/9e59da
K0966231,0,51,2,non sunt voluptatem placeat consequuntur rem incidunt,https://via.placeholder.com/600/8e973b,https://via.placeholder.com/150/8e973b
K0966231,0,52,2,eveniet pariatur quia nobis reiciendis laboriosam ea,https://via.placeholder.com/600/121fa4,https://via.placeholder.com/150/121fa4
K0966231,0,53,2,soluta et harum aliquid officiis ab omnis consequatur,https://via.placeholder.com/600/6efc5f,https://via.placeholder.com/150/6efc5f
K0966231,0,54,2,ut ex quibusdam dolore mollitia,https://via.placeholder.com/600/aa8f2e,https://via.placeholder.com/150/aa8f2e
K0966231,0,55,2,voluptatem consequatur totam qui aut iure est vel,https://via.placeholder.com/600/5e04a4,https://via.placeholder.com/150/5e04a4
K0966231,0,56,2,vel voluptatem esse consequuntur est officia quo aut quisquam,https://via.placeholder.com/600/f9f067,https://via.placeholder.com/150/f9f067
K0966231,0,57,2,vero est optio expedita quis ut molestiae,https://via.placeholder.com/600/95acce,https://via.placeholder.com/150/95acce
K0966231,0,58,2,rem pariatur facere eaque,https://via.placeholder.com/600/cde4c1,https://via.placeholder.com/150/cde4c1
K0966231,0,59,2,modi totam dolor eaque et ipsum est cupiditate,https://via.placeholder.com/600/a46a91,https://via.placeholder.com/150/a46a91
K0966231,0,60,2,ea enim temporibus asperiores placeat consectetur commodi ullam,https://via.placeholder.com/600/323599,https://via.placeholder.com/150/323599
K0966231,0,61,2,quia minus sed eveniet accusantium incidunt beatae odio,https://via.placeholder.com/600/e403d1,https://via.placeholder.com/150/e403d1
K0966231,0,62,2,dolorem cumque quo nihil inventore enim,https://via.placeholder.com/600/65ad4f,https://via.placeholder.com/150/65ad4f
K0966231,0,63,2,facere animi autem quod dolor,https://via.placeholder.com/600/4e557c,https://via.placeholder.com/150/4e557c
K0966231,0,64,2,doloremque culpa quia,https://via.placeholder.com/600/cd5a92,https://via.placeholder.com/150/cd5a92
K0966231,0,65,2,sed voluptatum enim eaque cumque qui sunt,https://via.placeholder.com/600/149540,https://via.placeholder.com/150/149540
K0966231,0,66,2,provident rerum voluptatem illo asperiores qui maiores,https://via.placeholder.com/600/ee0a7e,https://via.placeholder.com/150/ee0a7e
K0966231,0,67,2,veritatis labore ipsum unde aut quam dolores,https://via.placeholder.com/600/1279e9,https://via.placeholder.com/150/1279e9
K0966231,0,68,2,architecto aut quod qui ullam vitae expedita delectus,https://via.placeholder.com/600/e9603b,https://via.placeholder.com/150/e9603b
K0966231,0,69,2,et autem dolores aut porro est qui,https://via.placeholder.com/600/46e3b1,https://via.placeholder.com/150/46e3b1
K0966231,0,70,2,quam quos dolor eum ea in,https://via.placeholder.com/600/7375af,https://via.placeholder.com/150/7375af
K0966231,0,71,2,illo qui vel laboriosam vel fugit deserunt,https://via.placeholder.com/600/363789,https://via.placeholder.com/150/363789
K0966231,0,72,2,iusto sint enim nesciunt facilis exercitationem,https://via.placeholder.com/600/45935c,https://via.placeholder.com/150/45935c
K0966231,0,73,2,rerum exercitationem libero dolor,https://via.placeholder.com/600/1224bd,https://via.placeholder.com/150/1224bd
K0966231,0,74,2,eligendi quas consequatur aut consequuntur,https://via.placeholder.com/600/65ac19,https://via.placeholder.com/150/65ac19
K0966231,0,75,2,aut magni quibusdam cupiditate ea,https://via.placeholder.com/600/a9ef52,https://via.placeholder.com/150/a9ef52
K0966231,0,76,2,magni nulla et dolores,https://via.placeholder.com/600/7644fe,https://via.placeholder.com/150/7644fe
K0966231,0,77,2,ipsum consequatur vel omnis mollitia repellat dolores quasi,https://via.placeholder.com/600/36d137,https://via.placeholder.com/150/36d137
K0966231,0,78,2,aperiam aut est amet tenetur et dolorem,https://via.placeholder.com/600/637984,https://via.placeholder.com/150/637984
K0966231,0,79,2,est vel et laboriosam quo aspernatur distinctio molestiae,https://via.placeholder.com/600/c611a9,https://via.placeholder.com/150/c611a9
K0966231,0,80,2,et corrupti nihil cumque,https://via.placeholder.com/600/a0c998,https://via.placeholder.com/150/a0c998
K0966231,0,81,2,error magni fugiat dolorem impedit molestiae illo ullam debitis,https://via.placeholder.com/600/31a74c,https://via.placeholder.com/150/31a74c
K0966231,0,82,2,voluptate voluptas molestias vitae illo iusto,https://via.placeholder.com/600/88b703,https://via.placeholder.com/150/88b703
K0966231,0,83,2,quia quasi enim voluptatem repellat sit sint,https://via.placeholder.com/600/a19891,https://via.placeholder.com/150/a19891
K0966231,0,84,2,aliquam dolorem ut modi ratione et assumenda impedit,https://via.placeholder.com/600/b5205d,https://via.placeholder.com/150/b5205d
K0966231,0,85,2,ullam delectus architecto sint error,https://via.placeholder.com/600/eb7e7f,https://via.placeholder.com/150/eb7e7f
K0966231,0,86,2,qui vel ut odio consequuntur,https://via.placeholder.com/600/fd5751,https://via.placeholder.com/150/fd5751
K0966231,0,87,2,eos nihil sunt accusantium omnis,https://via.placeholder.com/600/224566,https://via.placeholder.com/150/224566
K0966231,0,88,2,inventore veritatis magnam enim quasi,https://via.placeholder.com/600/75334a,https://via.placeholder.com/150/75334a
K0966231,0,89,2,id at cum incidunt nulla dolor vero tenetur,https://via.placeholder.com/600/21d35,https://via.placeholder.com/150/21d35
K0966231,0,90,2,et quae eligendi vitae maxime in,https://via.placeholder.com/600/bfe0dc,https://via.placeholder.com/150/bfe0dc
K0966231,0,91,2,sunt quo laborum commodi porro consequatur nam delectus et,https://via.placeholder.com/600/40591,https://via.placeholder.com/150/40591
K0966231,0,92,2,quod non quae,https://via.placeholder.com/600/de79c7,https://via.placeholder.com/150/de79c7
K0966231,0,93,2,molestias et aliquam natus repellendus accusamus dolore,https://via.placeholder.com/600/2edde0,https://via.placeholder.com/150/2edde0
K0966231,0,94,2,et quisquam aspernatur,https://via.placeholder.com/600/cc12f5,https://via.placeholder.com/150/cc12f5
K0966231,0,95,2,magni odio non,https://via.placeholder.com/600/9cda61,https://via.placeholder.com/150/9cda61
K0966231,0,96,2,dolore esse a in eos sed,https://via.placeholder.com/600/1fb08b,https://via.placeholder.com/150/1fb08b
K0966231,0,97,2,labore magnam officiis nemo et,https://via.placeholder.com/600/e2223e,https://via.placeholder.com/150/e2223e
K0966231,0,98,2,sed commodi libero id nesciunt modi vitae,https://via.placeholder.com/600/a77d08,https://via.placeholder.com/150/a77d08
K0966231,0,99,2,magnam dolor sed enim vel optio consequuntur,https://via.placeholder.com/600/b04f2e,https://via.placeholder.com/150/b04f2e
K0966231,0,100,2,et qui rerum,https://via.placeholder.com/600/14ba42,https://via.placeholder.com/150/14ba42
K0966231,0,101,3,incidunt alias vel enim,https://via.placeholder.com/600/e743b,https://via.placeholder.com/150/e743b
K0966231,0,102,3,eaque iste corporis tempora vero distinctio consequuntur nisi nesciunt,https://via.placeholder.com/600/a393af,https://via.placeholder.com/150/a393af
K0966231,0,103,3,et eius nisi in ut reprehenderit labore eum,https://via.placeholder.com/600/35cedf,https://via.placeholder.com/150/35cedf
K0966231,0,104,3,et natus vero quia totam aut et minima,https://via.placeholder.com/600/313b40,https://via.placeholder.com/150/313b40
K0966231,0,105,3,veritatis numquam eius,https://via.placeholder.com/600/eaf2e1,https://via.placeholder.com/150/eaf2e1
K0966231,0,106,3,repellat molestiae nihil iste autem blanditiis officiis,https://via.placeholder.com/600/b1f841,https://via.placeholder.com/150/b1f841
K0966231,0,107,3,maiores ipsa ut autem,https://via.placeholder.com/600/50d332,https://via.placeholder.com/150/50d332
K0966231,0,108,3,qui tempora vel exercitationem harum iusto voluptas incidunt,https://via.placeholder.com/600/627495,https://via.placeholder.com/150/627495
K0966231,0,109,3,quidem ut quos non qui debitis exercitationem,https://via.placeholder.com/600/c5e1ce,https://via.placeholder.com/150/c5e1ce
K0966231,0,110,3,reiciendis et velit laborum recusandae,https://via.placeholder.com/600/2f9e30,https://via.placeholder.com/150/2f9e30
K0966231,0,111,3,quos rem nulla ea amet,https://via.placeholder.com/600/cc178e,https://via.placeholder.com/150/cc178e
K0966231,0,112,3,laudantium quibusdam inventore,https://via.placeholder.com/600/170690,https://via.placeholder.com/150/170690
K0966231,0,113,3,hic nulla consectetur,https://via.placeholder.com/600/1dff02,https://via.placeholder.com/150/1dff02
K0966231,0,114,3,consequatur quaerat sunt et,https://via.placeholder.com/600/e79b4e,https://via.placeholder.com/150/e79b4e
K0966231,0,115,3,unde minus molestias,https://via.placeholder.com/600/da7ddf,https://via.placeholder.com/150/da7ddf
K0966231,0,116,3,et iure eius enim explicabo,https://via.placeholder.com/600/aac33b,https://via.placeholder.com/150/aac33b
K0966231,0,117,3,dolore quo nemo omnis odio et iure explicabo,https://via.placeholder.com/600/b2fe8,https://via.placeholder.com/150/b2fe8
K0966231,0,118,3,et doloremque excepturi libero earum,https://via.placeholder.com/600/eb76bc,https://via.placeholder.com/150/eb76bc
K0966231,0,119,3,quisquam error consequatur,https://via.placeholder.com/600/61918f,https://via.placeholder.com/150/61918f
K0966231,0,120,3,eos quia minima modi cumque illo odit consequatur vero,https://via.placeholder.com/600/3ee01c,https://via.placeholder.com/150/3ee01c
K0966231,0,121,3,commodi sed enim sint in nobis,https://via.placeholder.com/600/fd8ae7,https://via.placeholder.com/150/fd8ae7
K0966231,0,122,3,consequatur quos odio harum alias,https://via.placeholder.com/600/949d2f,https://via.placeholder.com/150/949d2f
K0966231,0,123,3,fuga sint ipsa quis,https://via.placeholder.com/600/ecef3e,https://via.placeholder.com/150/ecef3e
K0966231,0,124,3,officiis similique autem unde repellendus,https://via.placeholder.com/600/bc8f1d,https://via.placeholder.com/150/bc8f1d
K0966231,0,125,3,et fuga perspiciatis qui quis,https://via.placeholder.com/600/d0882c,https://via.placeholder.com/150/d0882c
K0966231,0,126,3,id reiciendis neque voluptas explicabo quae,https://via.placeholder.com/600/7ef62f,https://via.placeholder.com/150/7ef62f
K0966231,0,127,3,magnam quia sed aspernatur,https://via.placeholder.com/600/74456b,https://via.placeholder.com/150/74456b
K0966231,0,128,3,est facere ut nam repellat numquam quia quia eos,https://via.placeholder.com/600/b0931d,https://via.placeholder.com/150/b0931d
K0966231,0,129,3,alias mollitia voluptatum soluta quod,https://via.placeholder.com/600/5efeca,https://via.placeholder.com/150/5efeca
K0966231,0,130,3,maxime provident eaque sapiente ipsa ducimus,https://via.placeholder.com/600/89afb1,https://via.placeholder.com/150/89afb1
K0966231,0,131,3,qui sed ex,https://via.placeholder.com/600/af2618,https://via.placeholder.com/150/af2618
K0966231,0,132,3,repellendus velit id non veniam dolorum quod est,https://via.placeholder.com/600/f9a540,https://via.placeholder.com/150/f9a540
K0966231,0,133,3,placeat in reprehenderit,https://via.placeholder.com/600/f8ee8a,https://via.placeholder.com/150/f8ee8a
K0966231,0,134,3,eveniet perspiciatis optio est qui ea dolore,https://via.placeholder.com/600/496b8d,https://via.placeholder.com/150/496b8d
K0966231,0,135,3,qui harum quis ipsum optio ex,https://via.placeholder.com/600/26016b,https://via.placeholder.com/150/26016b
K0966231,0,136,3,aut voluptas aut temporibus,https://via.placeholder.com/600/2e1c14,https://via.placeholder.com/150/2e1c14
K0966231,0,137,3,et sit earum praesentium quas quis sint et,https://via.placeholder.com/600/41c3dc,https://via.placeholder.com/150/41c3dc
K0966231,0,138,3,vitae delectus sed,https://via.placeholder.com/600/ff79d0,https://via.placeholder.com/150/ff79d0
K0966231,0,139,3,velit placeat optio corrupti,https://via.placeholder.com/600/ff2fe8,https://via.placeholder.com/150/ff2fe8
K0966231,0,140,3,assumenda sit non debitis dolorem saepe quae deleniti,https://via.placeholder.com/600/c0798a,https://via.placeholder.com/150/c0798a
K0966231,0,141,3,commodi eum dolorum reiciendis unde ut,https://via.placeholder.com/600/b13ff6,https://via.placeholder.com/150/b13ff6
K0966231,0,142,3,reprehenderit totam dolor itaque,https://via.placeholder.com/600/c7a96d,https://via.placeholder.com/150/c7a96d
K0966231,0,143,3,totam temporibus eaque est eum et perspiciatis ullam,https://via.placeholder.com/600/79439b,https://via.placeholder.com/150/79439b
K0966231,0,144,3,aspernatur possimus consectetur in tempore distinctio a ipsa officiis,https://via.placeholder.com/600/66a752,https://via.placeholder.com/150/66a752
K0966231,0,145,3,eius unde ipsa incidunt corrupti quia accusamus omnis,https://via.placeholder.com/600/f3472e,https://via.placeholder.com/150/f3472e
K0966231,0,146,3,ullam dolor ut ipsa veniam,https://via.placeholder.com/600/6c746e,https://via.placeholder.com/150/6c746e
K0966231,0,147,3,minima aspernatur eius nemo ut,https://via.placeholder.com/600/661f4c,https://via.placeholder.com/150/661f4c
K0966231,0,148,3,aperiam amet est occaecati quae non ut,https://via.placeholder.com/600/b9d67e,https://via.placeholder.com/150/b9d67e
K0966231,0,149,3,saepe recusandae ut odio enim ipsa quo placeat iusto,https://via.placeholder.com/600/cffa9b,https://via.placeholder.com/150/cffa9b
K0966231,0,150,3,ipsum numquam ratione facilis provident animi reprehenderit ut,https://via.placeholder.com/600/3689cd,https://via.placeholder.com/150/3689cd
K0966231,0,151,4,possimus dolor minima provident ipsam,https://via.placeholder.com/600/1d2ad4,https://via.placeholder.com/150/1d2ad4
K0966231,0,152,4,et accusantium enim pariatur eum nihil fugit,https://via.placeholder.com/600/a01c5b,https://via.placeholder.com/150/a01c5b
K0966231,0,153,4,eum laborum in sunt ea,https://via.placeholder.com/600/9da52c,https://via.placeholder.com/150/9da52c
K0966231,0,154,4,dolorum ipsam odit,https://via.placeholder.com/600/7f330f,https://via.placeholder.com/150/7f330f
K0966231,0,155,4,occaecati sed earum ab ut vel quibusdam perferendis nihil,https://via.placeholder.com/600/877cd8,https://via.placeholder.com/150/877cd8
K0966231,0,156,4,sed quia accusantium nemo placeat dolor ut,https://via.placeholder.com/600/11af10,https://via.placeholder.com/150/11af10
K0966231,0,157,4,nisi odio nihil molestias facere laudantium distinctio facilis et,https://via.placeholder.com/600/211c94,https://via.placeholder.com/150/211c94
K0966231,0,158,4,qui autem adipisci veritatis iure necessitatibus et ab voluptatem,https://via.placeholder.com/600/5fa928,https://via.placeholder.com/150/5fa928
K0966231,0,159,4,est ad molestiae ut voluptatum omnis sit consequuntur et,https://via.placeholder.com/600/3587a,https://via.placeholder.com/150/3587a
K0966231,0,160,4,sequi maiores aut sunt,https://via.placeholder.com/600/170b0e,https://via.placeholder.com/150/170b0e
K0966231,0,161,4,aliquid aut at sed repudiandae est autem,https://via.placeholder.com/600/739fba,https://via.placeholder.com/150/739fba
K0966231,0,162,4,et iste aliquam laboriosam et,https://via.placeholder.com/600/2b0599,https://via.placeholder.com/150/2b0599
K0966231,0,163,4,est eos ducimus consequatur est,https://via.placeholder.com/600/aae0f3,https://via.placeholder.com/150/aae0f3
K0966231,0,164,4,aut quia enim id neque expedita aliquid,https://via.placeholder.com/600/939eae,https://via.placeholder.com/150/939eae
K0966231,0,165,4,voluptas dolorem rerum similique quis id unde,https://via.placeholder.com/600/1b5aec,https://via.placeholder.com/150/1b5aec
K0966231,0,166,4,harum accusamus asperiores,https://via.placeholder.com/600/74c0c4,https://via.placeholder.com/150/74c0c4
K0966231,0,167,4,et fugit et eius quod provident,https://via.placeholder.com/600/3b4a81,https://via.placeholder.com/150/3b4a81
K0966231,0,168,4,fugit ad atque excepturi,https://via.placeholder.com/600/e20f7b,https://via.placeholder.com/150/e20f7b
K0966231,0,169,4,enim asperiores libero ratione voluptatibus alias facilis in voluptatem,https://via.placeholder.com/600/e55524,https://via.placeholder.com/150/e55524
K0966231,0,170,4,placeat fugit voluptatum cupiditate nemo aut,https://via.placeholder.com/600/e959e4,https://via.placeholder.com/150/e959e4
K0966231,0,171,4,nemo tenetur ipsam,https://via.placeholder.com/600/3bb51b,https://via.placeholder.com/150/3bb51b
K0966231,0,172,4,deserunt commodi et aut et molestiae debitis et sed,https://via.placeholder.com/600/d611bd,https://via.placeholder.com/150/d611bd
K0966231,0,173,4,cupiditate tempore debitis quas quis recusandae facilis esse,https://via.placeholder.com/600/240f8e,https://via.placeholder.com/150/240f8e
K0966231,0,174,4,assumenda sed deleniti,https://via.placeholder.com/600/44ed94,https://via.placeholder.com/150/44ed94
K0966231,0,175,4,est ab sed repellendus labore sit modi aperiam,https://via.placeholder.com/600/a06f8a,https://via.placeholder.com/150/a06f8a
K0966231,0,176,4,aut omnis qui et est molestiae distinctio atque,https://via.placeholder.com/600/d6dc09,https://via.placeholder.com/150/d6dc09
K0966231,0,177,4,ratione autem magni eveniet voluptas quia corporis,https://via.placeholder.com/600/37942b,https://via.placeholder.com/150/37942b
K0966231,0,178,4,laboriosam nihil cum provident id quo,https://via.placeholder.com/600/b80430,https://via.placeholder.com/150/b80430
K0966231,0,179,4,pariatur nesciunt temporibus ipsam ut maiores labore,https://via.placeholder.com/600/a29d32,https://via.placeholder.com/150/a29d32
K0966231,0,180,4,temporibus aliquam vel et consequuntur minima voluptate sunt,https://via.placeholder.com/600/727ca8,https://via.placeholder.com/150/727ca8
K0966231,0,181,4,sed animi et sed,https://via.placeholder.com/600/808e8c,https://via.placeholder.com/150/808e8c
K0966231,0,182,4,non aut facilis nihil aliquid sequi quae aut soluta,https://via.placeholder.com/600/10e0b8,https://via.placeholder.com/150/10e0b8
K0966231,0,183,4,voluptas necessitatibus ut,https://via.placeholder.com/600/4dc2b9,https://via.placeholder.com/150/4dc2b9
K0966231,0,184,4,deleniti enim aliquid sequi,https://via.placeholder.com/600/f0d2f4,https://via.placeholder.com/150/f0d2f4
K0966231,0,185,4,at voluptatem repellat et voluptas eum est ipsum et,https://via.placeholder.com/600/d032c4,https://via.placeholder.com/150/d032c4
K0966231,0,186,4,incidunt sed libero non necessitatibus,https://via.placeholder.com/600/75999a,https://via.placeholder.com/150/75999a
K0966231,0,187,4,et aut ad dolor nam,https://via.placeholder.com/600/f63b02,https://via.placeholder.com/150/f63b02
K0966231,0,188,4,quae accusamus voluptas aperiam est amet,https://via.placeholder.com/600/40bdc9,https://via.placeholder.com/150/40bdc9
K0966231,0,189,4,esse ad quia ea est dicta soluta perspiciatis,https://via.placeholder.com/600/a75adc,https://via.placeholder.com/150/a75adc
K0966231,0,190,4,velit quasi incidunt molestiae ut ut ex hic cupiditate,https://via.placeholder.com/600/7dd663,https://via.placeholder.com/150/7dd663
K0966231,0,191,4,magni fuga alias non consectetur dolorum tempora,https://via.placeholder.com/600/258967,https://via.placeholder.com/150/258967
K0966231,0,192,4,non deleniti nihil provident eveniet,https://via.placeholder.com/600/70f7e3,https://via.placeholder.com/150/70f7e3
K0966231,0,193,4,mollitia ut minima totam distinctio provident quia non,https://via.placeholder.com/600/336fe7,https://via.placeholder.com/150/336fe7
K0966231,0,194,4,aut culpa magni aut officiis,https://via.placeholder.com/600/b98f29,https://via.placeholder.com/150/b98f29
K0966231,0,195,4,vel hic et autem quo soluta esse quasi,https://via.placeholder.com/600/973d6d,https://via.placeholder.com/150/973d6d
K0966231,0,196,4,amet maiores ut,https://via.placeholder.com/600/128151,https://via.placeholder.com/150/128151
K0966231,0,197,4,nobis ut iusto porro debitis vitae,https://via.placeholder.com/600/d1dd9e,https://via.placeholder.com/150/d1dd9e
K0966231,0,198,4,libero rem amet ipsam ullam illo excepturi rerum,https://via.placeholder.com/600/43803c,https://via.placeholder.com/150/43803c
K0966231,0,199,4,nobis sint assumenda consequatur laboriosam laudantium modi perferendis ea,https://via.placeholder.com/600/2da3b7,https://via.placeholder.com/150/2da3b7
K0966231,0,200,4,perspiciatis est commodi iste nulla et eveniet voluptates eum,https://via.placeholder.com/600/c3f384,https://via.placeholder.com/150/c3f384
K0966231,0,201,5,nesciunt dolorum consequatur ullam tempore accusamus debitis sit,https://via.placeholder.com/600/250289,https://via.placeholder.com/150/250289
K0966231,0,202,5,explicabo vel omnis corporis debitis qui qui,https://via.placeholder.com/600/6a0f83,https://via.placeholder.com/150/6a0f83
K0966231,0,203,5,labore vel voluptate ipsum quaerat debitis velit,https://via.placeholder.com/600/3a5c29,https://via.placeholder.com/150/3a5c29
K0966231,0,204,5,beatae est vel tenetur,https://via.placeholder.com/600/e4cc33,https://via.placeholder.com/150/e4cc33
K0966231,0,205,5,fugiat est ut ab sit et tempora,https://via.placeholder.com/600/dc17bf,https://via.placeholder.com/150/dc17bf
K0966231,0,206,5,possimus expedita ut,https://via.placeholder.com/600/d12649,https://via.placeholder.com/150/d12649
K0966231,0,207,5,culpa qui quos reiciendis aut nostrum et id temporibus,https://via.placeholder.com/600/a1ff25,https://via.placeholder.com/150/a1ff25
K0966231,0,208,5,ut voluptatem maiores nam ipsa beatae,https://via.placeholder.com/600/40d9b8,https://via.placeholder.com/150/40d9b8
K0966231,0,209,5,voluptatibus sit amet vel natus qui voluptatem,https://via.placeholder.com/600/88c71d,https://via.placeholder.com/150/88c71d
K0966231,0,210,5,et nisi tenetur nam amet sed,https://via.placeholder.com/600/67d26,https://via.placeholder.com/150/67d26
K0966231,0,211,5,est qui ratione,https://via.placeholder.com/600/918fb8,https://via.placeholder.com/150/918fb8
K0966231,0,212,5,id exercitationem doloremque vel provident et ea,https://via.placeholder.com/600/9fa1a5,https://via.placeholder.com/150/9fa1a5
K0966231,0,213,5,sed cum aut,https://via.placeholder.com/600/d2d7f0,https://via.placeholder.com/150/d2d7f0
K0966231,0,214,5,quis explicabo autem,https://via.placeholder.com/600/511b3c,https://via.placeholder.com/150/511b3c
K0966231,0,215,5,in magnam praesentium ab illum,https://via.placeholder.com/600/15834f,https://via.placeholder.com/150/15834f
K0966231,0,216,5,itaque nihil voluptatum,https://via.placeholder.com/600/310675,https://via.placeholder.com/150/310675
K0966231,0,217,5,ab ut placeat fuga,https://via.placeholder.com/600/4f64e8,https://via.placeholder.com/150/4f64e8
K0966231,0,218,5,neque placeat dolore assumenda repellat eius ut commodi,https://via.placeholder.com/600/b27684,https://via.placeholder.com/150/b27684
K0966231,0,219,5,nihil accusantium quos ipsam ut a,https://via.placeholder.com/600/77f823,https://via.placeholder.com/150/77f823
K0966231,0,220,5,ratione vel quas nostrum et eius est,https://via.placeholder.com/600/53f7dd,https://via.placeholder.com/150/53f7dd
K0966231,0,221,5,et iusto ratione maiores magnam animi itaque id,https://via.placeholder.com/600/2f27c7,https://via.placeholder.com/150/2f27c7
K0966231,0,222,5,et molestiae sint voluptas officiis voluptates recusandae laborum et,https://via.placeholder.com/600/dccf6e,https://via.placeholder.com/150/dccf6e
K0966231,0,223,5,qui beatae ea magnam nulla facilis voluptas,https://via.placeholder.com/600/5a65f7,https://via.placeholder.com/150/5a65f7
K0966231,0,224,5,omnis asperiores et velit fugit numquam tenetur et,https://via.placeholder.com/600/b273e9,https://via.placeholder.com/150/b273e9
K0966231,0,225,5,eum magnam expedita velit et vitae autem cupiditate,https://via.placeholder.com/600/21f8c2,https://via.placeholder.com/150/21f8c2
K0966231,0,226,5,omnis accusantium et,https://via.placeholder.com/600/135ce6,https://via.placeholder.com/150/135ce6
K0966231,0,227,5,quae facere aut,https://via.placeholder.com/600/3c1e25,https://via.placeholder.com/150/3c1e25
K0966231,0,228,5,laudantium magnam et culpa dolores harum ipsam,https://via.placeholder.com/600/d8b6fa,https://via.placeholder.com/150/d8b6fa
K0966231,0,229,5,fugit ut nostrum quia in laborum,https://via.placeholder.com/600/9d3896,https://via.placeholder.com/150/9d3896
K0966231,0,230,5,a deleniti quae exercitationem aut et reprehenderit,https://via.placeholder.com/600/b24645,https://via.placeholder.com/150/b24645
K0966231,0,231,5,placeat cumque ea accusamus quo veniam perspiciatis illo,https://via.placeholder.com/600/ea3fb1,https://via.placeholder.com/150/ea3fb1
K0966231,0,232,5,ea dicta velit dolorem ratione doloribus,https://via.placeholder.com/600/92b48b,https://via.placeholder.com/150/92b48b
K0966231,0,233,5,nesciunt dignissimos perspiciatis sint veritatis vero facere ipsa id,https://via.placeholder.com/600/5e440,https://via.placeholder.com/150/5e440
K0966231,0,234,5,qui laboriosam et quae consequatur,https://via.placeholder.com/600/c52dc0,https://via.placeholder.com/150/c52dc0
K0966231,0,235,5,officiis consequatur necessitatibus id beatae voluptatem in sit dolorem,https://via.placeholder.com/600/72ce88,https://via.placeholder.com/150/72ce88
K0966231,0,236,5,cumque nihil ullam laborum ut et,https://via.placeholder.com/600/423b8d,https://via.placeholder.com/150/423b8d
K0966231,0,237,5,vel quam tempore dolor eveniet,https://via.placeholder.com/600/b4e761,https://via.placeholder.com/150/b4e761
K0966231,0,238,5,aperiam mollitia nisi sed ad magnam repellendus et,https://via.placeholder.com/600/80e9fe,https://via.placeholder.com/150/80e9fe
K0966231,0,239,5,incidunt aliquid possimus,https://via.placeholder.com/600/c6a0c,https://via.placeholder.com/150/c6a0c
K0966231,0,240,5,rem neque reprehenderit,https://via.placeholder.com/600/55ccaa,https://via.placeholder.com/150/55ccaa
K0966231,0,241,5,magni expedita saepe tempore nulla officiis,https://via.placeholder.com/600/af3ad6,https://via.placeholder.com/150/af3ad6
K0966231,0,242,5,vitae ut sequi explicabo perspiciatis repudiandae omnis et qui,https://via.placeholder.com/600/cc2282,https://via.placeholder.com/150/cc2282
K0966231,0,243,5,sed nobis consequatur dolores,https://via.placeholder.com/600/ad65d5,https://via.placeholder.com/150/ad65d5
K0966231,0,244,5,aut doloribus quia unde quia,https://via.placeholder.com/600/2a9243,https://via.placeholder.com/150/2a9243
K0966231,0,245,5,iusto ut et ea voluptas voluptatum aut eum,https://via.placeholder.com/600/a81869,https://via.placeholder.com/150/a81869
K0966231,0,246,5,voluptatibus reiciendis ipsa exercitationem saepe quos architecto veniam aperiam,https://via.placeholder.com/600/3a14eb,https://via.placeholder.com/150/3a14eb
K0966231,0,247,5,ducimus provident possimus,https://via.placeholder.com/600/7f47e7,https://via.placeholder.com/150/7f47e7
K0966231,0,248,5,doloremque autem similique et beatae cupiditate sed nulla,https://via.placeholder.com/600/c757e5,https://via.placeholder.com/150/c757e5
K0966231,0,249,5,quia ipsum ut voluptatem saepe nam ipsam beatae,https://via.placeholder.com/600/54c842,https://via.placeholder.com/150/54c842
